INSERT INTO menu (stock, menu_name, price, menu_category) VALUES
('In stock', '원조 바삭 후라이드', 19000,  'CHICKEN'),
('Out of stock', '원조 쏘 핫후라이드', 20000,  'CHICKEN'),
('In stock', '원조 양념통닭', 22000,  'CHICKEN'),
('In stock', '원조 간장통닭', 22000,  'CHICKEN'),
('Out of stock', '원조 눈꽃 펑 통닭', 23000,  'CHICKEN'),
('Out of stock', '원조 알싸 파닭', 25000,  'CHICKEN'),
('In stock', '원조 감자튀김', 3000, 'SIDE'),
('In stock', '원조 쫀딕꼬소 치즈볼', 4000, 'SIDE'),
('Out of stock', '원조 Long 치즈스틱', 3000, 'SIDE'),
('Out of stock', '원조 닭 껍데기', 6000, 'SIDE'),
('In stock', '원조 소떡소떡', 3000, 'SIDE'),

('In stock', '원조 디핑소스', 1000, 'SAUCE'),
('In stock', '원조 치밥소스', 1500, 'SAUCE'),
('In stock', '원조 세가지 시스닝', 2000, 'SAUCE'),

('In stock', '코카콜라', 2000, 'DRINK'),
('In stock', '펩시 제로', 2000, 'DRINK'),
('In stock', '스프라이트', 2000, 'DRINK'),

('In stock', 'SET 1', 22000, 'SET'),
('In stock', 'SET 2', 38000, 'SET');

INSERT INTO nutrient(menu_id, kcal, na, sugars, fat, protein) VALUES
(1, 253.73, 408.19, 0.36, 2.86, 18.77),
(2, 313.01, 541.01, 0.00, 3.84, 17.09),
(3, 255.84, 533.31, 6.34, 2.52, 20.44),
(4, 308.86, 529.23, 2.32, 3.57, 21.44),
(5, 280.63, 478.5, 19.84, 32.84, 19.84),
(6, 271.30, 644.44, 23.93, 4.07, 17.23),
(7, 231.33, 630.34, 2.44, 1.51, 2.44),
(8, 285.00, 470.00, 4.00, 3.00, 3.00),
(9, 302.09, 39.00, 12.86, 7.87, 20.42),
(10, 313.01, 541.01, 0.00, 3.84, 17.09),
(11, 615.89, 937.51, 0.67, 9.99, 20.42);

INSERT INTO menu_info(menu_id, allergy, origin) VALUES
(1, '우유 대두 밀 계란 닭고기 조개류(굴) 쇠고기 새우 땅콩', '국내산'),
(2, '우유 대두 밀 달고기 조개류(굴) 토마토 쇠고기 돼지고기 새우 땅콩', '국내산'),
(3, '우유 대두 밀 계란 닭고기 토마토 조개류(굴) 쇠고기 새우 땅콩', '국내산'),
(4, '우유 대두 밀 계란 닭고기 조개류(굴) 쇠고기 새우 땅콩', '국내산'),
(5, '우유, 대두, 밀, 계란, 닭고기, 조개류(굴), 쇠고기, 새우, 땅콩', '국내산'),
(6, '우유, 대두, 밀, 계란, 닭고기, 조개류(굴), 쇠고기, 새우, 땅콩', '국내산'),
(7, '대두, 밀', '국내산'),
(8, '밀, 대두, 우유', '국내산'),
(9, '우유, 대두, 밀, 계란', '국내산'),
(10, '대두, 밀, 계란, 닭고기, 조개류(굴), 땅콩', '국내산'),
(11, '우유, 대두, 밀, 계란, 닭고기, 토마토, 쇠고기, 돼지고기', '국내산');






